{"cameraMode":{"drawMode":0,"name":"Shaded","section":"Shading Mode"},"sceneLighting":true,"audioPlay":false,"sceneViewState":{"showFog":true,"showMaterialUpdate":false,"showSkybox":true,"showFlares":true,"showImageEffects":true,"showParticleSystems":true},"in2DMode":false,"pivot":{"x":247.96762084960938,"y":175.87425231933595,"z":2.9644646644592287},"rotation":{"x":-0.01649700291454792,"y":0.016496995463967325,"z":0.00027222686912864447,"w":0.9997273683547974},"size":491.3567810058594,"orthographic":true}